Customer Id,Fname,Mname,Lname,Location Id,Credit Limit,Active Status
1,Aaliyah,Emerson,Marina,17,47097,FALSE
2,Abagail,Emilee,Marisa,2,71183,FALSE
3,Abbey,Emilia,Marisol,34,72446,TRUE
4,Abbie,Emilie,Marissa,47,58289,FALSE
5,Abbigail,Emily,Maritza,32,53524,FALSE
6,Abby,Emma,Marlee,21,71605,FALSE
7,Abigail,Emmalee,Marlene,46,52641,FALSE
8,Abigale,Erica,Marley,42,38232,FALSE
9,Abigayle,Ericka,Martha,48,22083,FALSE
10,Addison,Erika,Mary,22,45422,TRUE
11,Adeline,Erin,Maryam,34,32392,FALSE
12,Adriana,Esmeralda,Mattie,52,68846,FALSE
13,Adrianna,Esperanza,Maura,10,22490,TRUE
14,Adrienne,Essence,Maya,43,44726,FALSE
15,Aileen,Estefani,Mayra,14,55311,FALSE
16,Aimee,Estefania,Mckayla,52,38894,TRUE
17,Ainsley,Estefany,Mckenna,50,17774,FALSE
18,Aisha,Esther,Mckenzie,26,45662,TRUE
19,Aiyana,Estrella,Meadow,42,73327,TRUE
20,Aja,Eva,Meagan,1,40087,TRUE
21,Akira,Eve,Meaghan,42,50657,TRUE
22,Alaina,Evelin,Megan,5,29103,TRUE
23,Alana,Evelyn,Meghan,22,58408,FALSE
24,Alanis,Fabiola,Melanie,14,70519,TRUE
25,Alanna,Faith,Melany,28,26574,TRUE
26,Alayna,Fatima,Melina,20,24271,FALSE
27,Aleah,Felicia,Melinda,43,26463,FALSE
28,Alejandra,Felicity,Mia ,45,50871,TRUE
29,Alena,Fernanda,Keely,1,73695,FALSE
30,Alessandra ,Fiona,Keila,9,49535,TRUE
31,Alex,Frances,Keira,2,52853,FALSE
32,Alexa,Francesca,Kelli,8,49458,TRUE
33,Alexandra,Frida,Kellie,5,18656,TRUE
34,Alexandria,Gabriela,Kelly,19,33407,TRUE
35,Alexia,Gabriella,Kelsey,52,72230,FALSE
36,Alexis,Gabrielle,Kelsi,48,32759,TRUE
37,Alexus,Galilea,Kelsie,2,62995,FALSE
38,Alexys,Genesis,Kendal,39,41313,TRUE
39,Alia,Genevieve,Kendall,46,16707,FALSE
40,Alice,Georgia,Kendra,1,63772,FALSE
41,Alicia,Gia,Kenia,31,53029,FALSE
42,Alina,Giana,Kenna,30,31287,FALSE
43,Alisa,Gianna,Kennedi,35,47011,TRUE
44,Alisha,Gillian,Kennedy,19,71658,FALSE
45,Alison,Gina,Kenya,44,69792,TRUE
46,Alissa,Giovanna,Kenzie,30,66625,FALSE
47,Alivia,Giselle,Keyla,18,59527,TRUE
48,Aliya,Gisselle,Kiana,24,21984,FALSE
49,Aliyah,Gloria,Kianna,42,41974,TRUE
50,Aliza,Grace,Kiara,24,32568,FALSE
51,Alize,Gracie,Kiera,49,32632,FALSE
52,Allie,Graciela,Kierra,23,37972,TRUE
53,Allison,Greta,Kiersten,11,74960,TRUE
54,Ally,Gretchen,Kiley,28,67671,TRUE
55,Allyson,Guadalupe,Kimberly,23,67077,TRUE
56,Allyssa,Gwendolyn,Kira,12,25860,FALSE
57,Alma,Hadley,Kirsten,13,39234,TRUE
58,Alondra,Hailee,Kiya,38,20598,FALSE
59,Alycia,Hailey,Kourtney,2,27833,FALSE
60,Alysa,Hailie,Krista,16,44262,TRUE
61,Alysha,Haleigh,Kristen,20,63673,TRUE
62,Alyson,Haley,Kristin,9,26274,FALSE
63,Alyssa,Halie,Kristina,7,32746,TRUE
64,Amanda,Halle,Krystal,1,21191,FALSE
65,Amani,Hallie,Kya,7,28356,TRUE
66,Amara,Hana,Kyla,40,60386,FALSE
67,Amari,Hanna,Kylee,49,26387,TRUE
68,Amaya,Hannah,Kyleigh,16,73075,FALSE
69,Amber,Harley,Kylie,14,41255,FALSE
70,Amelia,Harmony,Kyra,49,23342,TRUE
71,America ,Haven,Lacey,14,28243,TRUE
72,Amina,Hayden,Laila,33,39673,TRUE
73,Amira,Haylee,Lana,3,16066,FALSE
74,Amy,Hayley ,Laney,15,51446,TRUE
75,Amya,Denisse,Lara,16,36223,TRUE
76,Ana,Desirae,Larissa,9,47614,TRUE
77,Anabel,Desiree,Laura,23,67196,TRUE
78,Anahi,Destiney,Laurel,42,67213,TRUE
79,Anais,Destini,Lauren,49,18007,TRUE
80,Anastasia,Destiny,Lauryn,21,45047,FALSE
81,Anaya,Devin,Layla,36,48737,TRUE
82,Andrea,Devon,Lea,24,57683,TRUE
83,Angel,Devyn,Leah,40,32500,FALSE
84,Angela,Diamond,Leanna,33,53322,TRUE
85,Angelica,Diana,Leila,23,49907,FALSE
86,Angelina,Diane,Leilani,50,23828,TRUE
87,Angeline,Dianna,Lena,32,64141,TRUE
88,Angelique,Dominique,Lesley,34,36050,FALSE
89,Angie,Donna,Leslie,30,49034,FALSE
90,Anika,Dorothy,Lesly,27,61774,TRUE
91,Anissa,Dulce,Leticia,27,20006,FALSE
92,Anita,Dylan,Lexi,45,56537,TRUE
93,Aniya,Ebony,Lexie,33,53404,FALSE
94,Aniyah,Eden,Lexus,48,23654,TRUE
95,Anjali,Edith,Lia,46,38612,FALSE
96,Ann,Eileen,Liana,16,40694,TRUE
97,Anna,Elaina,Libby,37,61854,TRUE
98,Annabel,Elaine,Liberty,41,57214,TRUE
99,Annabella,Eleanor,Lila,49,50388,TRUE
100,Annabelle,Elena,Lilian,27,29113,FALSE
101,Annalise,Eliana,Liliana,23,57429,TRUE
102,Anne,Elisa,Lillian ,36,60789,FALSE
103,Annette,Elisabeth,Kara,43,46761,TRUE
104,Annie,Elise,Kari,38,62042,TRUE
105,Annika,Elissa,Karina,27,46876,FALSE
106,Ansley,Eliza,Karissa,25,42340,FALSE
107,Antonia,Elizabeth,Karla,34,72633,TRUE
108,Anya,Ella,Karlee,39,44028,FALSE
109,April,Elle,Karley,18,19100,TRUE
110,Araceli,Ellen,Karli,7,26681,FALSE
111,Aracely,Ellie,Karlie,51,28315,FALSE
112,Arely,Elsa,Karly,42,47998,TRUE
113,Aria,Elyse,Kasandra,42,56267,TRUE
114,Ariana,Elyssa,Kasey,10,52223,FALSE
115,Arianna,Emely ,Kassandra,47,17900,FALSE
116,Ariel,Joyce,Kassidy,18,41834,FALSE
117,Arielle,Judith,Katarina,29,27602,TRUE
118,Arlene,Julia,Kate,47,71533,FALSE
119,Armani,Juliana,Katelin,13,37512,FALSE
120,Aryanna,Julianna,Katelyn,52,15062,FALSE
121,Ashanti,Julianne,Katelynn,14,16584,FALSE
122,Ashlee,Julie,Katerina,1,46876,FALSE
123,Ashleigh,Juliet,Katharine,33,62222,FALSE
124,Ashley,Juliette,Katherine,52,64883,FALSE
125,Ashly,Julissa,Kathleen,14,38343,TRUE
126,Ashlyn,Justice,Kathryn,45,15265,FALSE
127,Ashlynn,Justine,Kathy,45,65617,TRUE
128,Ashton,Kacie,Katie,9,63544,TRUE
129,Ashtyn,Kaela,Katlyn,11,38797,TRUE
130,Asia,Kaelyn,Katrina,50,45138,TRUE
131,Aspen,Kaia,Katy,28,29394,TRUE
132,Astrid,Kaila,Kaya,8,72552,TRUE
133,Athena,Kailey,Kayla,25,38390,TRUE
134,Aubree,Kailyn,Kaylah,35,59063,FALSE
135,Aubrey,Kaitlin,Kaylee,6,54342,FALSE
136,Aubrie,Kaitlyn,Kayleigh,37,15434,TRUE
137,Audrey,Kaitlynn,Kayley,35,36981,FALSE
138,Aurora,Kaiya,Kayli,10,25875,FALSE
139,Autumn,Kaleigh,Kaylie,27,26523,TRUE
140,Ava,Kaley,Kaylin,10,40067,TRUE
141,Avery,Kali,Kaylyn,7,39417,TRUE
142,Ayana,Kaliyah,Kaylynn,31,31515,TRUE
143,Ayanna,Kallie,Keeley ,26,36621,TRUE
144,Ayla,Kalyn,Emerson,41,17804,TRUE
145,Aylin ,Kamryn ,Emilee,38,52134,TRUE
146,Baby,Haylie,Emilia,9,67999,TRUE
147,Bailee,Hazel,Emilie,46,16436,TRUE
148,Bailey,Heather,Emily,32,59846,FALSE
149,Barbara,Heaven,Emma,50,53692,TRUE
150,Baylee,Heidi,Emmalee,32,52503,TRUE
151,Beatriz,Helen,Erica,3,38530,FALSE
152,Belen,Helena,Ericka,19,67734,TRUE
153,Bella,Holly,Erika,30,63818,TRUE
154,Berenice,Hope,Erin,40,43486,TRUE
155,Bethany,Hunter,Esmeralda,45,34610,FALSE
156,Bianca,Iliana,Esperanza,12,23565,TRUE
157,Blanca,Imani,Essence,31,33664,TRUE
158,Brandi,India,Estefani,53,43554,TRUE
159,Brandy,Ingrid,Estefania,44,40999,FALSE
160,Breana,Ireland,Estefany,28,24737,FALSE
161,Breanna,Irene,Esther,36,34240,TRUE
162,Brenda,Iris,Estrella,17,57537,FALSE
163,Brenna,Isabel,Eva,7,16303,FALSE
164,Breonna,Isabela,Eve,53,25568,FALSE
165,Bria,Isabell,Evelin,33,59734,TRUE
166,Briana,Isabella,Evelyn,42,63273,TRUE
167,Brianna,Isabelle,Fabiola,30,53046,FALSE
168,Brianne,Isis,Faith,53,47265,FALSE
169,Bridget,Itzel,Fatima,9,18426,FALSE
170,Brielle,Ivy,Felicia,28,38614,FALSE
171,Brionna,Iyana,Felicity,6,19825,FALSE
172,Brisa,Iyanna,Fernanda,7,36336,FALSE
173,Britney,Izabella,Fiona,4,17105,FALSE
174,Brittany,Jacey,Frances,44,15285,FALSE
175,Brittney,Jackeline,Francesca,34,57757,FALSE
176,Brooke,Jaclyn,Frida,8,72852,FALSE
177,Brooklyn,Jacqueline,Gabriela,5,17739,FALSE
178,Bryana,Jacquelyn,Gabriella,46,33617,TRUE
179,Bryanna,Jada,Gabrielle,6,20284,TRUE
180,Brynn,Jade,Galilea,18,45785,FALSE
181,Cadence,Jaden,Genesis,44,65530,TRUE
182,Caitlin,Jaelyn,Genevieve,27,45603,FALSE
183,Caitlyn,Jaida,Georgia,49,64468,FALSE
184,Cali,Jaiden,Gia,4,41553,TRUE
185,Calista,Jailyn,Giana,43,71429,FALSE
186,Callie,Jaime,Gianna,34,44402,TRUE
187,Cameron,Jakayla,Gillian,29,53472,FALSE
188,Camila,Jaliyah,Gina,13,26925,TRUE
189,Camille,Jalyn,Giovanna,23,24766,FALSE
190,Camryn,Jalynn,Giselle,14,22035,TRUE
191,Candace,Jamie,Gisselle,3,28105,FALSE
192,Cara,Jamya,Gloria,53,34371,TRUE
193,Carina,Jana,Grace,38,73656,TRUE
194,Carissa,Janae,Gracie,37,22131,TRUE
195,Carla,Jane,Graciela,43,48662,FALSE
196,Carlie,Janelle,Greta,27,53910,FALSE
197,Carly,Janessa,Gretchen,43,30632,TRUE
198,Carmen,Janiya,Guadalupe,3,22843,TRUE
199,Carol,Jaquelin,Gwendolyn,27,42605,TRUE
200,Carolina,Jaqueline,Hadley,2,16466,TRUE
201,Caroline,Jasmin,Hailee,20,59548,FALSE
202,Carolyn,Jasmine,Hailey,40,68331,FALSE
203,Carrie,Jasmyn,Hailie,34,31161,FALSE
204,Carson,Jaycee,Haleigh,43,51846,FALSE
205,Casandra,Jayda,Haley,10,16282,FALSE
206,Casey,Jayde,Halie,41,74903,TRUE
207,Cassandra,Jayden,Halle,49,65542,FALSE
208,Cassidy,Jayla,Hallie,20,36526,FALSE
209,Cassie,Jaylene,Hana,35,15248,FALSE
210,Catalina,Jaylin,Hanna,38,27577,FALSE
211,Catherine,Jaylyn,Hannah,14,51919,FALSE
212,Cayla,Jaylynn,Harley,49,51619,FALSE
213,Cecelia,Jazlyn,Harmony,48,19185,TRUE
214,Cecilia,Jazmin,Haven,16,72079,FALSE
215,Celeste,Jazmine,Hayden,35,45649,TRUE
216,Celia,Jazmyn,Haylee,17,64368,TRUE
217,Celina,Jazmyne,Hayley ,21,22000,FALSE
218,Celine,Jeanette,Archer,51,42254,TRUE
219,Chana,Jena,Bailey,26,49775,FALSE
220,Charity,Jenifer,Carter,8,16454,FALSE
221,Charlotte,Jenna,Chaplin,19,26894,TRUE
222,Chasity,Jennifer,Chandler,27,38883,TRUE
223,Chaya,Jenny,Cooper,49,55562,FALSE
224,Chelsea,Jessica,Day,26,72952,TRUE
225,Chelsey,Jessie,Fletcher,45,27831,FALSE
226,Cheyanne,Jewel,Frobisher,21,58130,TRUE
227,Cheyenne,Jillian,Gardner,41,36935,TRUE
228,Chloe,Jimena,Hooper,33,65966,FALSE
229,Christa,Joana,Kellogg,50,45294,FALSE
230,Christian,Joanna,Leach,10,21384,TRUE
231,Christiana,Jocelyn,Machin,23,65953,TRUE
232,Christina,Joelle,Naylor,44,26057,FALSE
233,Christine,Johana,Proctor,29,66710,TRUE
234,Christy,Johanna,Redman,36,21442,TRUE
235,Ciara,Jolie,Sawyer,13,32667,FALSE
236,Ciera,Jordan,Trinder,16,17454,TRUE
237,Cierra,Jordyn,Ward,17,36957,FALSE
238,Cindy,Joselyn,Archer,46,34742,FALSE
239,Citlali ,Josephine ,Bailey,52,37904,FALSE
240,Haylie,Joyce,Carter,6,41762,TRUE
241,Hazel,Judith,Chaplin,36,17011,FALSE
242,Heather,Julia,Chandler,9,39683,FALSE
243,Heaven,Juliana,Cooper,6,67451,TRUE
244,Heidi,Julianna,Day,50,69643,FALSE
245,Helen,Julianne,Fletcher,5,38713,TRUE
246,Helena,Julie,Frobisher,40,61488,FALSE
247,Holly,Juliet,Gardner,22,16481,FALSE
248,Hope,Juliette,Hooper,14,52786,TRUE
249,Hunter,Julissa,Kellogg,13,63695,TRUE
250,Iliana,Justice,Leach,38,73814,FALSE
251,Imani,Justine,Machin,40,69419,FALSE
252,India,Kacie,Naylor,42,57562,TRUE
253,Ingrid,Kaela,Proctor,3,64657,FALSE
254,Ireland,Kaelyn,Redman,22,56595,FALSE
255,Irene,Kaia,Sawyer,32,18895,TRUE
256,Iris,Kaila,Trinder,3,23515,FALSE
257,Isabel,Kailey,Ward,38,50724,TRUE
258,Isabela,Kailyn,Archer,4,36423,FALSE
259,Isabell,Kaitlin,Bailey,46,71113,FALSE
260,Isabella,Kaitlyn,Carter,12,64491,FALSE
261,Isabelle,Kaitlynn,Chaplin,8,25130,FALSE
262,Isis,Kaiya,Chandler,19,66859,TRUE
263,Itzel,Kaleigh,Cooper,5,67523,FALSE
264,Ivy,Kaley,Day,4,39878,TRUE
265,Iyana,Kali,Fletcher,40,27138,TRUE
266,Iyanna,Kaliyah,Frobisher,39,52621,FALSE
267,Izabella,Kallie,Gardner,21,53937,TRUE
268,Jacey,Kalyn,Hooper,30,21382,FALSE
269,Jackeline,Kamryn,Kellogg,18,43564,TRUE
270,Jaclyn,Kara,Leach,11,24700,FALSE
271,Jacqueline,Kari,Machin,8,37334,TRUE
272,Jacquelyn,Karina,Naylor,25,22190,FALSE
273,Jada,Karissa,Proctor,20,49647,TRUE
274,Jade,Karla,Redman,18,27717,FALSE
275,Jaden,Karlee,Sawyer,39,74511,FALSE
276,Jaelyn,Karley,Trinder,43,74203,FALSE
277,Jaida,Karli,Ward,18,31180,TRUE
278,Jaiden,Karlie,Archer,26,23597,TRUE
279,Jailyn,Karly ,Bailey,13,61832,TRUE
280,Jaime,Joyce,Carter,15,72005,TRUE
281,Jakayla,Judith,Chaplin,46,38881,FALSE
282,Jaliyah,Julia,Chandler,28,38278,TRUE
283,Jalyn,Juliana,Cooper,5,32242,FALSE
284,Jalynn,Julianna,Day,45,73603,TRUE
285,Jamie,Julianne,Fletcher,47,41773,FALSE
286,Jamya,Julie,Frobisher,29,71084,TRUE
287,Jana,Juliet,Gardner,9,35940,FALSE
288,Janae,Juliette,Hooper,34,56312,FALSE
289,Jane,Julissa,Kellogg,40,21373,TRUE
290,Janelle,Justice,Leach,35,53462,FALSE
291,Janessa,Justine,Machin,20,58956,TRUE
292,Janiya,Kacie,Naylor,2,54032,FALSE
293,Jaquelin,Kaela,Proctor,49,47158,FALSE
294,Jaqueline,Kaelyn,Redman,39,55526,TRUE
295,Jasmin,Kaia,Sawyer,5,23635,FALSE
296,Jasmine,Kaila,Trinder,33,55569,TRUE
297,Jasmyn,Kailey,Ward,50,21575,FALSE
298,Jaycee,Kailyn,Archer,20,54202,FALSE
299,Jayda,Kaitlin,Bailey,24,45066,FALSE
300,Jayde,Kaitlyn,Carter,32,63525,TRUE
301,Jayden,Kaitlynn,Chaplin,2,54320,TRUE
302,Jayla,Kaiya,Chandler,38,51615,FALSE
303,Jaylene,Kaleigh,Cooper,47,44903,TRUE
304,Jaylin,Kaley,Day,2,43110,FALSE
305,Jaylyn,Kali,Fletcher,53,47081,TRUE
306,Jaylynn,Kaliyah,Frobisher,11,57147,FALSE
307,Jazlyn,Kallie,Gardner,21,47973,FALSE
308,Jazmin,Kalyn,Hooper,18,59146,FALSE
309,Jazmine,Kamryn,Kellogg,53,15808,FALSE
310,Jazmyn,Kara,Leach,24,32664,FALSE
311,Jazmyne,Kari,Machin,32,61984,FALSE
312,Jeanette,Karina,Naylor,1,51303,FALSE
313,Jena,Karissa,Proctor,43,17362,FALSE
314,Jenifer,Karla,Redman,16,74658,TRUE
315,Jenna,Karlee,Sawyer,30,52760,FALSE
316,Jennifer,Karley,Trinder,20,49900,TRUE
317,Jenny,Karli,Ward,19,45344,TRUE
318,Jessica,Karlie,Archer,36,47890,TRUE
319,Jessie,Karly ,Bailey,4,72517,TRUE
320,Jewel,Joyce,Carter,5,29238,TRUE
321,Jillian,Judith,Chaplin,13,34977,TRUE
322,Jimena,Julia,Chandler,46,29628,TRUE
323,Joana,Juliana,Cooper,46,52503,FALSE
324,Joanna,Julianna,Day,15,25323,FALSE
325,Jocelyn,Julianne,Fletcher,5,20194,TRUE
326,Joelle,Julie,Frobisher,21,33563,TRUE
327,Johana,Juliet,Gardner,24,24982,TRUE
328,Johanna,Juliette,Hooper,41,37778,TRUE
329,Jolie,Julissa,Kellogg,11,55881,TRUE
330,Jordan,Justice,Leach,40,52884,TRUE
331,Jordyn,Justine,Machin,10,24036,FALSE
332,Joselyn,Kacie,Naylor,42,35794,FALSE
333,Josephine ,Kaela,Proctor,2,57348,FALSE
334,Lilliana,Kaelyn,Redman,10,48033,TRUE
335,Lillie,Kaia,Sawyer,3,15815,FALSE
336,Lilly,Kaila,Trinder,11,32378,TRUE
337,Lily,Kailey,Ward,7,36383,FALSE
338,Lina,Kailyn,Archer,1,24232,TRUE
339,Linda,Kaitlin,Bailey,53,73912,TRUE
340,Lindsay,Kaitlyn,Carter,7,63277,TRUE
341,Lindsey,Kaitlynn,Chaplin,11,32796,TRUE
342,Lisa,Kaiya,Chandler,39,49411,TRUE
343,Lisbeth,Kaleigh,Cooper,4,57002,FALSE
344,Litzy,Kaley,Day,41,62507,FALSE
345,Lizbeth,Kali,Fletcher,44,35902,TRUE
346,Lizeth,Kaliyah,Frobisher,2,39105,TRUE
347,Lizette,Kallie,Gardner,4,20782,FALSE
348,Logan,Kalyn,Hooper,47,68600,FALSE
349,Lola,Kamryn,Kellogg,21,46496,TRUE
350,London,Kara,Leach,14,61971,FALSE
351,Loren,Kari,Machin,42,18702,TRUE
352,Lorena,Karina,Naylor,53,37630,TRUE
353,Lucia,Karissa,Proctor,41,23114,TRUE
354,Lucy,Karla,Redman,16,69428,TRUE
355,Luisa,Karlee,Sawyer,38,68954,TRUE
356,Luz,Karley,Trinder,20,41097,TRUE
357,Lydia,Karli,Ward,31,32176,TRUE
358,Lyndsey,Karlie,Ward,10,29392,TRUE
359,Lyric,Karly ,Archer,14,29357,TRUE
360,Macey,Joyce,Archer,37,35986,FALSE
361,Maci,Judith,Bailey,40,43630,FALSE
362,Macie,Julia,Carter,27,56514,TRUE
363,Mackenzie,Juliana,Chaplin,3,50183,TRUE
364,Macy,Julianna,Chandler,31,56286,FALSE
365,Madalyn,Julianne,Cooper,26,65983,FALSE
366,Madalynn,Julie,Day,1,49443,TRUE
367,Maddison,Juliet,Fletcher,18,72566,TRUE
368,Madelyn,Juliette,Frobisher,17,36353,TRUE
369,Madelynn,Julissa,Gardner,37,68438,TRUE
370,Madilyn,Justice,Hooper,36,23287,FALSE
371,Madisen,Justine,Kellogg,5,43042,FALSE
372,Madison,Kacie,Leach,21,70319,FALSE
373,Madisyn,Kaela,Machin,35,68329,TRUE
374,Madyson,Kaelyn,Naylor,38,25045,FALSE
375,Maegan,Kaia,Proctor,10,37068,FALSE
376,Maeve,Kaila,Redman,44,57507,TRUE
377,Magdalena,Kailey,Sawyer,51,73505,FALSE
378,Maggie,Kailyn,Trinder,5,39706,TRUE
379,Maia,Kaitlin,Ward,15,15429,TRUE
380,Makaila,Kaitlyn,Archer,12,38371,TRUE
381,Makayla,Kaitlynn,Bailey,36,65771,FALSE
382,Makena,Kaiya,Carter,48,24443,FALSE
383,Makenna,Kaleigh,Chaplin,16,72041,FALSE
384,Makenzie,Kaley,Chandler,52,72196,TRUE
385,Mallory,Kali,Cooper,19,57045,FALSE
386,Mandy,Kaliyah,Day,18,50663,TRUE
387,Mara,Kallie,Fletcher,7,57567,FALSE
388,Marcella,Kalyn,Frobisher,18,20180,FALSE
389,Margaret,Kamryn,Gardner,20,28014,TRUE
390,Margarita,Kara,Hooper,12,46477,TRUE
391,Maria,Kari,Kellogg,31,45328,FALSE
392,Mariah,Karina,Leach,30,43076,FALSE
393,Mariam,Karissa,Machin,27,43580,TRUE
394,Mariana,Karla,Naylor,4,54255,TRUE
395,Marianna,Karlee,Proctor,30,49556,FALSE
396,Maribel,Karley,Redman,4,48445,TRUE
397,Marie,Karli,Sawyer,25,67759,FALSE
398,Mariela,Karlie,Trinder,25,23934,TRUE
399,Marilyn,Karly ,Ward,31,30910,FALSE